,stations,Boro,2007,2008,2009,2010,2011,2012,2013,2012-2013 Change,12/13 %,2013 Rank,07/13 Change,7/13 %,lines
0,138 St-Grand Concourse ,Bx,2720.0,2926.0,2969.0,3013.0,3076.0,3183.0,3222.0,39.0,+1.2%,362.0,502.0,18.455882352941178,"(4,5) "
1,149 St-Grand Concourse ,Bx,10384.0,11395.0,12056.0,12744.0,13422.0,13599.0,14380.0,781.0,+5.7%,106.0,3996.0,38.482280431432976,"(2,4,5) "
2,161 St-Yankee Stadium ,Bx,24258.0,26511.0,26061.0,26159.0,26631.0,27604.0,26972.0,-632.0,-2.3%,41.0,2714.0,11.188061670376783,"(B,D,4) "
3,167 St ,Bx,8564.0,9125.0,9054.0,9220.0,9351.0,9699.0,9904.0,205.0,+2.1%,158.0,1340.0,15.646893974778141,(4) 
4,167 St ,Bx,8747.0,8913.0,8848.0,8839.0,9054.0,9264.0,9374.0,110.0,+1.2%,171.0,627.0,7.168171944666743,"(B,D) "
5,170 St ,Bx,7958.0,8661.0,8848.0,9234.0,9259.0,9518.0,9525.0,7.0,+0.1%,168.0,1567.0,19.6908771048002,(4) 
6,170 St ,Bx,6273.0,6421.0,6255.0,6054.0,6155.0,6303.0,6563.0,260.0,+4.1%,229.0,290.0,4.622987406344651,"(B,D) "
7,174 St ,Bx,6514.0,6876.0,6801.0,7227.0,7049.0,7018.0,7339.0,321.0,+4.6%,204.0,825.0,12.665029167945963,"(2,5) "
8,174-175 Sts ,Bx,4669.0,4822.0,4603.0,4537.0,4660.0,4706.0,4885.0,179.0,+3.8%,293.0,216.0,4.626258299421718,"(B,D) "
9,176 St ,Bx,4606.0,5105.0,4312.0,4517.0,5383.0,5623.0,5905.0,282.0,+5.0%,256.0,1299.0,28.20234476769431,(4) 
10,182-183 Sts ,Bx,4898.0,4747.0,4612.0,4550.0,4546.0,4507.0,4554.0,47.0,+1.0%,310.0,-344.0,-7.023274806043283,"(B,D) "
11,183 St ,Bx,3371.0,5890.0,5954.0,6071.0,6162.0,6319.0,6360.0,41.0,+0.6%,236.0,2989.0,88.66805102343518,(4) 
12,219 St ,Bx,2727.0,2982.0,3049.0,3261.0,3337.0,3413.0,3483.0,70.0,+2.1%,350.0,756.0,27.722772277227726,"(2,5) "
13,225 St ,Bx,3493.0,3798.0,3841.0,4104.0,4346.0,4469.0,4479.0,10.0,+0.2%,315.0,986.0,28.227884340108787,"(2,5) "
14,231 St ,Bx,8095.0,8670.0,8428.0,8680.0,9170.0,9187.0,8951.0,-236.0,-2.6%,177.0,856.0,10.574428659666461,(1) 
15,233 St ,Bx,4437.0,4834.0,4870.0,5179.0,5379.0,5388.0,5473.0,85.0,+1.6%,272.0,1036.0,23.34910975884607,"(2,5) "
16,238 St ,Bx,3551.0,3681.0,3492.0,3514.0,3019.0,3612.0,3598.0,-14.0,-0.4%,346.0,47.0,1.3235708251196845,(1) 
17,3 Av-138 St ,Bx,6447.0,6878.0,6894.0,6985.0,7238.0,7326.0,7667.0,341.0,+4.7%,196.0,1220.0,18.92353032418179,(6) 
18,3 Av-149 St ,Bx,22824.0,23859.0,24096.0,23955.0,24022.0,24580.0,24001.0,-579.0,-2.4%,51.0,1177.0,5.156852436032247,"(2,5) "
19,Allerton Av ,Bx,4958.0,5179.0,5258.0,5282.0,5193.0,5389.0,5526.0,137.0,+2.5%,270.0,568.0,11.45623235175474,"(2,5) "
20,Baychester Av ,Bx,3743.0,3924.0,3634.0,3706.0,3840.0,3980.0,4177.0,197.0,+4.9%,322.0,434.0,11.594977290943094,(5) 
21,Bedford Park Blvd ,Bx,6214.0,6317.0,6054.0,6037.0,6150.0,6183.0,6303.0,120.0,+1.9%,239.0,89.0,1.4322497586095913,"(B,D) "
22,Bedford Park Blvd-Lehman College ,Bx,5359.0,5519.0,5701.0,5897.0,6052.0,6034.0,6201.0,167.0,+2.8%,243.0,842.0,15.71188654599739,(4) 
23,Bronx Park East ,Bx,2768.0,2897.0,2834.0,2888.0,2757.0,2811.0,2959.0,148.0,+5.3%,368.0,191.0,6.9002890173410405,"(2,5) "
24,Brook Av ,Bx,5618.0,5877.0,5790.0,5874.0,6073.0,6113.0,6186.0,73.0,+1.2%,244.0,568.0,10.110359558561765,(6) 
25,Buhre Av ,Bx,2795.0,2975.0,2980.0,3011.0,3315.0,3418.0,3718.0,300.0,+8.8%,343.0,923.0,33.02325581395349,(6) 
26,Burke Av ,Bx,3252.0,3380.0,3367.0,3392.0,3387.0,3491.0,3612.0,121.0,+3.5%,345.0,360.0,11.07011070110701,"(2,5) "
27,Burnside Av ,Bx,10135.0,10433.0,10909.0,11232.0,11243.0,11387.0,11560.0,173.0,+1.5%,137.0,1425.0,14.060187469166255,(4) 
28,Castle Hill Av ,Bx,6660.0,6969.0,6708.0,7617.0,7540.0,7567.0,5632.0,-1935.0,-25.6%,266.0,-1028.0,-15.435435435435435,(6) 
29,Cypress Av ,Bx,3358.0,3670.0,3574.0,3739.0,3701.0,3636.0,3842.0,206.0,+5.7%,335.0,484.0,14.413341274568195,(6) 
30,East 143 St-St Mary's St ,Bx,931.0,899.0,831.0,871.0,941.0,973.0,911.0,-62.0,-6.4%,411.0,-20.0,-2.1482277121374866,(6) 
31,East 149 St ,Bx,4259.0,4386.0,4323.0,4226.0,4336.0,4486.0,4580.0,94.0,+2.1%,307.0,321.0,7.536980511857244,(6) 
32,East 180 St ,Bx,5948.0,6428.0,6341.0,5931.0,6518.0,6832.0,7003.0,171.0,+2.5%,213.0,1055.0,17.737054472091458,"(2,5) "
33,Eastchester-Dyre Av ,Bx,3930.0,4301.0,4189.0,4333.0,4603.0,4765.0,4948.0,183.0,+3.8%,289.0,1018.0,25.90330788804071,(5) 
34,Elder Av ,Bx,6318.0,6480.0,6434.0,9042.0,2240.0,6161.0,6377.0,216.0,+3.5%,235.0,59.0,0.9338398227287116,(6) 
35,Fordham Rd ,Bx,12570.0,11511.0,11732.0,12080.0,12330.0,12560.0,12558.0,-2.0,-0.0%,122.0,-12.0,-0.0954653937947494,(4) 
36,Fordham Rd ,Bx,11516.0,11576.0,11413.0,11454.0,11465.0,11521.0,11878.0,357.0,+3.1%,131.0,362.0,3.143452587704064,"(B,D) "
37,Freeman St ,Bx,3313.0,3635.0,3812.0,4296.0,4382.0,4569.0,4762.0,193.0,+4.2%,299.0,1449.0,43.736794446121344,"(2,5) "
38,Gun Hill Rd ,Bx,5567.0,6005.0,6145.0,6717.0,7045.0,7212.0,7339.0,127.0,+1.8%,205.0,1772.0,31.83042931560984,"(2,5) "
39,Gun Hill Rd ,Bx,5828.0,6025.0,5770.0,5776.0,5794.0,5953.0,6002.0,49.0,+0.8%,249.0,174.0,2.9855868222374746,(5) 
40,Hunts Point Av ,Bx,10242.0,10612.0,10512.0,10494.0,10316.0,10389.0,10144.0,-245.0,-2.4%,153.0,-98.0,-0.9568443663347002,(6) 
41,Intervale Av ,Bx,2640.0,2775.0,2785.0,2951.0,2974.0,3121.0,3420.0,299.0,+9.6%,354.0,780.0,29.545454545454547,"(2,5) "
42,Jackson Av ,Bx,4860.0,5089.0,4961.0,5249.0,5110.0,5060.0,5432.0,372.0,+7.4%,274.0,572.0,11.76954732510288,"(2,5) "
43,Kingsbridge Rd ,Bx,5049.0,8980.0,9320.0,9754.0,10153.0,10377.0,10431.0,54.0,+0.5%,150.0,5382.0,106.59536541889483,(4) 
44,Kingsbridge Rd ,Bx,8502.0,7788.0,7417.0,7208.0,7189.0,7184.0,7422.0,238.0,+3.3%,203.0,-1080.0,-12.70289343683839,"(B,D) "
45,Longwood Av ,Bx,3346.0,3352.0,3228.0,3273.0,3418.0,3476.0,3494.0,18.0,+0.5%,348.0,148.0,4.423191870890616,(6) 
46,Middletown Rd ,Bx,1682.0,1796.0,1802.0,1883.0,1916.0,1969.0,1514.0,-455.0,-23.1%,405.0,-168.0,-9.988109393579073,(6) 
47,Morris Park ,Bx,1885.0,1957.0,1873.0,1871.0,1966.0,2083.0,2210.0,127.0,+6.1%,392.0,325.0,17.24137931034483,(5) 
48,Morrison Av-Soundview ,Bx,5956.0,6352.0,6225.0,2304.0,9603.0,6582.0,6588.0,6.0,+0.1%,227.0,632.0,10.61114842175957,(6) 
49,Mosholu Pkwy ,Bx,7103.0,8468.0,9078.0,9439.0,9578.0,9596.0,9588.0,-8.0,-0.1%,166.0,2485.0,34.985217513726596,(4) 
50,Mt Eden Av ,Bx,4937.0,5174.0,5615.0,5848.0,5748.0,5859.0,5995.0,136.0,+2.3%,251.0,1058.0,21.430018229694145,(4) 
51,Nereid Av ,Bx,2840.0,3107.0,3080.0,3307.0,3420.0,3603.0,3878.0,275.0,+7.6%,333.0,1038.0,36.54929577464789,"(2,5) "
52,Norwood-205 St ,Bx,7626.0,7869.0,7588.0,7602.0,7779.0,7872.0,8043.0,171.0,+2.2%,189.0,417.0,5.468135326514555,(D) 
53,Parkchester ,Bx,14708.0,15189.0,14978.0,12724.0,15516.0,15190.0,16614.0,1424.0,+9.4%,83.0,1906.0,12.958933913516454,(6) 
54,Pelham Bay Park ,Bx,6010.0,6262.0,6299.0,6538.0,6705.0,6688.0,6772.0,84.0,+1.3%,221.0,762.0,12.678868552412645,(6) 
55,Pelham Pkwy ,Bx,7373.0,8116.0,8287.0,8691.0,8850.0,9288.0,9614.0,326.0,+3.5%,164.0,2241.0,30.394683303946834,"(2,5) "
56,Pelham Pkwy ,Bx,2950.0,3054.0,3011.0,3139.0,3236.0,3314.0,3254.0,-60.0,-1.8%,360.0,304.0,10.305084745762711,(5) 
57,Prospect Av ,Bx,7064.0,7457.0,7291.0,7551.0,7212.0,7053.0,7424.0,371.0,+5.3%,202.0,360.0,5.096262740656852,"(2,5) "
58,Simpson St ,Bx,8851.0,9375.0,9095.0,9815.0,9421.0,9243.0,9672.0,429.0,+4.6%,163.0,821.0,9.275788046548412,"(2,5) "
59,St Lawrence Av ,Bx,3810.0,4036.0,4016.0,5093.0,1427.0,3852.0,3995.0,143.0,+3.7%,328.0,185.0,4.8556430446194225,(6) 
60,Tremont Av ,Bx,8767.0,8842.0,8542.0,8513.0,8767.0,8882.0,9157.0,275.0,+3.1%,173.0,390.0,4.448500057032052,"(B,D) "
61,Van Cortlandt Park-242 St ,Bx,5758.0,6184.0,6040.0,6148.0,6504.0,6641.0,6943.0,302.0,+4.5%,216.0,1185.0,20.58006252170893,(1) 
62,Wakefield-241 St ,Bx,4002.0,4257.0,4212.0,4582.0,4955.0,5048.0,4825.0,-223.0,-4.4%,295.0,823.0,20.56471764117941,(2) 
63,West Farms Sq-East Tremont Av ,Bx,7050.0,7348.0,7270.0,8052.0,7749.0,7842.0,7979.0,137.0,+1.7%,191.0,929.0,13.177304964539008,"(2,5) "
64,Westchester Sq-East Tremont Av ,Bx,6095.0,6322.0,6178.0,6359.0,6663.0,6663.0,6820.0,157.0,+2.4%,219.0,725.0,11.894995898277276,(6) 
65,Whitlock Av ,Bx,1507.0,1524.0,1528.0,524.0,2342.0,1691.0,1685.0,-6.0,-0.4%,402.0,178.0,11.81154611811546,(6) 
66,Woodlawn ,Bx,6318.0,6723.0,6980.0,7513.0,7852.0,7797.0,7776.0,-21.0,-0.3%,193.0,1458.0,23.076923076923077,(4) 
67,Zerega Av ,Bx,2335.0,2455.0,2404.0,2539.0,2741.0,2849.0,3253.0,404.0,+14.2%,361.0,918.0,39.314775160599574,(6) 
68,15 St-Prospect Park ,B,6006.0,6002.0,5977.0,6220.0,4725.0,6018.0,6448.0,430.0,+7.1%,233.0,442.0,7.35930735930736,"(F,G) "
69,18 Av ,B,5267.0,5667.0,5611.0,5699.0,5516.0,5544.0,6162.0,618.0,+11.1%,245.0,895.0,16.99259540535409,(D) 
70,18 Av ,B,4127.0,4209.0,4008.0,4145.0,4205.0,4220.0,4204.0,-16.0,-0.4%,320.0,77.0,1.8657620547613278,(F) 
71,18 Av ,B,4686.0,5077.0,5227.0,5049.0,5469.0,5507.0,5092.0,-415.0,-7.5%,284.0,406.0,8.664105847204437,(N) 
72,20 Av ,B,4461.0,4680.0,4531.0,4517.0,4478.0,4556.0,4859.0,303.0,+6.7%,294.0,398.0,8.921766420085183,(D) 
73,20 Av ,B,3634.0,3923.0,4108.0,3903.0,4011.0,4091.0,4190.0,99.0,+2.4%,321.0,556.0,15.299944964226746,(N) 
74,25 Av ,B,4272.0,4445.0,4304.0,4318.0,4220.0,4046.0,4607.0,561.0,+13.9%,306.0,335.0,7.841760299625468,(D) 
75,25 St ,B,3786.0,3859.0,3736.0,3812.0,3915.0,3820.0,3821.0,1.0,+0.0%,336.0,35.0,0.9244585314315901,(R) 
76,36 St ,B,10578.0,11151.0,10852.0,11135.0,11411.0,11946.0,12059.0,113.0,+0.9%,130.0,1481.0,14.000756286632635,"(D,N,R) "
77,4 Av ,B,10205.0,10789.0,10895.0,11412.0,12479.0,13471.0,13156.0,-315.0,-2.3%,119.0,2951.0,28.9171974522293,"(F,G)/9 St (R) "
78,45 St ,B,7052.0,7303.0,7171.0,7059.0,7218.0,7070.0,6978.0,-92.0,-1.3%,215.0,-74.0,-1.0493477027793534,(R) 
79,50 St ,B,3269.0,3279.0,3130.0,3129.0,3008.0,3172.0,3308.0,136.0,+4.3%,358.0,39.0,1.1930253900275314,(D) 
80,53 St ,B,7516.0,7648.0,7460.0,7423.0,7533.0,7476.0,7479.0,3.0,+0.0%,199.0,-37.0,-0.49228312932410856,(R) 
81,55 St ,B,2018.0,2046.0,1925.0,1944.0,1983.0,1859.0,1964.0,105.0,+5.6%,397.0,-54.0,-2.6759167492566895,(D) 
82,59 St ,B,11586.0,12020.0,11756.0,11979.0,11999.0,12317.0,12506.0,189.0,+1.5%,123.0,920.0,7.940617987225962,"(N,R) "
83,7 Av ,B,9093.0,9590.0,9568.0,9614.0,9615.0,9408.0,9389.0,-19.0,-0.2%,170.0,296.0,3.255251292202793,"(B,Q) "
84,7 Av ,B,10999.0,10903.0,10643.0,11018.0,12792.0,12118.0,12268.0,150.0,+1.2%,125.0,1269.0,11.537412492044732,"(F,G) "
85,71 St ,B,4378.0,4538.0,4270.0,4365.0,3740.0,4007.0,4538.0,531.0,+13.3%,313.0,160.0,3.654636820465966,(D) 
86,77 St ,B,4960.0,5236.0,5080.0,5146.0,5228.0,5306.0,5353.0,47.0,+0.9%,277.0,393.0,7.923387096774194,(R) 
87,79 St ,B,5659.0,5775.0,5577.0,5733.0,5554.0,5612.0,6293.0,681.0,+12.1%,240.0,634.0,11.20339282558756,(D) 
88,8 Av ,B,8956.0,9594.0,9987.0,10215.0,10480.0,10613.0,10873.0,260.0,+2.4%,147.0,1917.0,21.40464493077267,(N) 
89,86 St ,B,2016.0,2194.0,2307.0,2389.0,2491.0,2552.0,2515.0,-37.0,-1.4%,384.0,499.0,24.751984126984127,(N) 
90,86 St ,B,10263.0,10659.0,10457.0,10710.0,11076.0,11313.0,11648.0,335.0,+3.0%,133.0,1385.0,13.495079411478125,(R) 
91,9 Av ,B,5815.0,6152.0,5945.0,5955.0,5533.0,5440.0,5857.0,417.0,+7.7%,257.0,42.0,0.7222699914015477,(D) 
92,Alabama Av ,B,1906.0,2119.0,2153.0,2271.0,2387.0,2464.0,2443.0,-21.0,-0.9%,385.0,537.0,28.174186778593914,(J) 
93,Atlantic Av-Barclays Ctr ,B,30224.0,31657.0,31408.0,32497.0,33160.0,35670.0,39871.0,4201.0,+11.8%,24.0,9647.0,31.918343038644785,"(B,D,N,Q,R,2,3,4,5)"
94,Atlantic Av ,B,1144.0,1284.0,1319.0,1385.0,1440.0,1487.0,1580.0,93.0,+6.3%,403.0,436.0,38.111888111888106,(L) 
95,Avenue H ,B,2695.0,2820.0,2697.0,2174.0,1724.0,2714.0,2861.0,147.0,+5.4%,371.0,166.0,6.159554730983302,(Q) 
96,Avenue I ,B,2414.0,2422.0,2370.0,2328.0,2290.0,2284.0,2283.0,-1.0,-0.0%,390.0,-131.0,-5.426677713338856,(F) 
97,Avenue J ,B,6335.0,6506.0,6237.0,6742.0,6860.0,5974.0,6036.0,62.0,+1.0%,248.0,-299.0,-4.719810576164167,(Q) 
98,Avenue M ,B,5858.0,6188.0,5713.0,4628.0,4632.0,5544.0,5836.0,292.0,+5.3%,258.0,-22.0,-0.37555479685899623,(Q) 
99,Avenue N ,B,3433.0,3493.0,3282.0,3377.0,3458.0,3390.0,3411.0,21.0,+0.6%,355.0,-22.0,-0.6408389163996504,(F) 
100,Avenue P ,B,2828.0,2859.0,2648.0,2667.0,2696.0,2705.0,2757.0,52.0,+1.9%,375.0,-71.0,-2.5106082036775104,(F) 
101,Avenue U ,B,2147.0,2153.0,2142.0,2331.0,2229.0,2302.0,2296.0,-6.0,-0.3%,389.0,149.0,6.939916162086633,(F) 
102,Avenue U ,B,3197.0,3537.0,3871.0,3872.0,3804.0,3980.0,3738.0,-242.0,-6.1%,342.0,541.0,16.92211448232718,(N) 
103,Avenue U ,B,7010.0,7173.0,5875.0,4101.0,6816.0,6694.0,6821.0,127.0,+1.9%,218.0,-189.0,-2.6961483594864477,(Q) 
104,Avenue X ,B,2896.0,2857.0,2736.0,2789.0,2810.0,2877.0,2972.0,95.0,+3.3%,366.0,76.0,2.6243093922651934,(F) 
105,Bay 50 St ,B,2856.0,2820.0,3170.0,3260.0,3117.0,2632.0,2793.0,161.0,+6.1%,374.0,-63.0,-2.2058823529411766,(D) 
106,Bay Pkwy ,B,6674.0,6979.0,6673.0,6753.0,6594.0,6726.0,7111.0,385.0,+5.7%,211.0,437.0,6.547797422834882,(D) 
107,Bay Pkwy ,B,1427.0,1414.0,1336.0,1386.0,1398.0,1526.0,1575.0,49.0,+3.2%,404.0,148.0,10.371408549404345,(F) 
108,Bay Pkwy ,B,5623.0,6180.0,6494.0,6497.0,6703.0,6892.0,6990.0,98.0,+1.4%,214.0,1367.0,24.31086608571937,(N) 
109,Bay Ridge Av ,B,7830.0,8215.0,8092.0,8119.0,8240.0,8206.0,8079.0,-127.0,-1.5%,187.0,249.0,3.1800766283524906,(R) 
110,Bay Ridge-95 St ,B,5535.0,5722.0,5617.0,5715.0,5848.0,5996.0,5974.0,-22.0,-0.4%,252.0,439.0,7.931345980126468,(R) 
111,Bedford Av ,B,16857.0,18887.0,19550.0,21149.0,22520.0,23825.0,25755.0,1930.0,+8.1%,46.0,8898.0,52.785193094856744,(L) 
112,Bedford-Nostrand Avs ,B,5312.0,5832.0,5928.0,6040.0,6348.0,6755.0,7300.0,545.0,+8.1%,207.0,1988.0,37.424698795180724,(G) 
113,Bergen St ,B,3946.0,4033.0,4015.0,4127.0,4344.0,4472.0,4070.0,-402.0,-9.0%,327.0,124.0,3.1424227065382664,"(2,3) "
114,Bergen St ,B,9896.0,10038.0,10154.0,10578.0,11048.0,11370.0,11562.0,192.0,+1.7%,136.0,1666.0,16.835084882780922,"(F,G) "
115,Beverley Rd ,B,2829.0,2875.0,2933.0,3436.0,3567.0,3096.0,2340.0,-756.0,-24.4%,388.0,-489.0,-17.28525980911983,(Q) 
116,Beverly Rd ,B,4044.0,4121.0,3975.0,3972.0,4146.0,4199.0,4375.0,176.0,+4.2%,316.0,331.0,8.184965380811079,"(2,5) "
117,Brighton Beach ,B,12312.0,13064.0,12848.0,12770.0,12421.0,12376.0,12185.0,-191.0,-1.5%,128.0,-127.0,-1.0315139701104612,"(B,Q) "
118,Broadway ,B,3242.0,3352.0,3347.0,3217.0,3186.0,3272.0,3368.0,96.0,+2.9%,356.0,126.0,3.8864898210980874,(G) 
119,Broadway Junction ,B,8731.0,8913.0,8528.0,8412.0,8441.0,8790.0,8863.0,73.0,+0.8%,179.0,132.0,1.5118543122208223,"(A,C,J,L,Z) "
120,Bushwick Av-Aberdeen St ,B,1022.0,1150.0,1143.0,1246.0,1322.0,1371.0,1509.0,138.0,+10.1%,406.0,487.0,47.651663405088065,(L) 
121,Canarsie-Rockaway Pkwy ,B,12224.0,12671.0,12282.0,12504.0,12817.0,13039.0,13254.0,215.0,+1.6%,117.0,1030.0,8.426047120418847,(L) 
122,Carroll St ,B,9930.0,10051.0,9786.0,10002.0,11906.0,13193.0,12339.0,-854.0,-6.5%,124.0,2409.0,24.259818731117825,"(F,G) "
123,Central Av ,B,2012.0,2202.0,2347.0,2548.0,2903.0,3445.0,1744.0,-1701.0,-49.4%,400.0,-268.0,-13.320079522862823,(M) 
124,Chauncey St ,B,2395.0,2571.0,2646.0,2789.0,2984.0,3037.0,2967.0,-70.0,-2.3%,367.0,572.0,23.883089770354907,"(J,Z) "
125,Church Av ,B,9470.0,9539.0,9367.0,9691.0,9929.0,9851.0,9794.0,-57.0,-0.6%,160.0,324.0,3.4213305174234425,"(2,5) "
126,Church Av ,B,15392.0,16295.0,15769.0,14696.0,14876.0,16042.0,17638.0,1596.0,+9.9%,77.0,2246.0,14.591995841995843,"(B,Q) "
127,Church Av ,B,9209.0,9305.0,9174.0,9429.0,10463.0,9985.0,9984.0,-1.0,-0.0%,156.0,775.0,8.415680312737539,"(F,G) "
128,Clark St ,B,5040.0,5221.0,5269.0,5406.0,5596.0,5760.0,5971.0,211.0,+3.7%,253.0,931.0,18.47222222222222,"(2,3) "
129,Classon Av ,B,3572.0,3713.0,3760.0,3935.0,4170.0,4288.0,4490.0,202.0,+4.7%,314.0,918.0,25.699888017917132,(G) 
130,Cleveland St ,B,2592.0,2943.0,3013.0,3080.0,3148.0,3271.0,3328.0,57.0,+1.7%,357.0,736.0,28.39506172839506,(J) 
131,Clinton-Washington Avs ,B,4902.0,5153.0,5029.0,5404.0,5698.0,6033.0,6642.0,609.0,+10.1%,224.0,1740.0,35.49571603427172,(C) 
132,Clinton-Washington Avs ,B,4624.0,4728.0,4736.0,4942.0,5190.0,5183.0,5294.0,111.0,+2.1%,280.0,670.0,14.48961937716263,(G) 
133,Coney Island-Stillwell Av ,B,11737.0,12488.0,12240.0,13079.0,13254.0,13474.0,13177.0,-297.0,-2.2%,118.0,1440.0,12.26889324358865,"(D,F,N,Q) "
134,Cortelyou Rd ,B,5870.0,6171.0,6088.0,6578.0,6812.0,6379.0,5318.0,-1061.0,-16.6%,279.0,-552.0,-9.40374787052811,(Q) 
135,Court St ,B,35069.0,36639.0,37057.0,38057.0,38026.0,38088.0,38428.0,340.0,+0.9%,27.0,3359.0,9.578260001710913,"(R)/Borough Hall (2,3,4,5) "
136,Crescent St ,B,3973.0,4429.0,4428.0,4551.0,4667.0,4635.0,4683.0,48.0,+1.0%,302.0,710.0,17.870626730430406,"(J,Z) "
137,Crown Heights-Utica Av ,B,27087.0,27945.0,27231.0,27476.0,27368.0,27549.0,27780.0,231.0,+0.8%,38.0,693.0,2.5584228596743825,"(3,4) "
138,Cypress Hills ,B,1408.0,1393.0,1379.0,1398.0,1434.0,1391.0,1431.0,40.0,+2.9%,407.0,23.0,1.6335227272727273,(J) 
139,DeKalb Av ,B,16068.0,16724.0,16835.0,16905.0,17180.0,17791.0,17318.0,-473.0,-2.7%,78.0,1250.0,7.7794373910878765,"(B,Q,R) "
140,DeKalb Av ,B,9743.0,10374.0,10066.0,10451.0,10829.0,11004.0,11617.0,613.0,+5.6%,134.0,1874.0,19.234322077388892,(L) 
141,Ditmas Av ,B,4745.0,4728.0,4496.0,4471.0,4554.0,4669.0,4676.0,7.0,+0.1%,303.0,-69.0,-1.4541622760800843,(F) 
142,East 105 St ,B,3142.0,3414.0,3407.0,3525.0,3684.0,3727.0,3818.0,91.0,+2.4%,337.0,676.0,21.514958625079565,(L) 
143,Eastern Pkwy-Brooklyn Museum ,B,4696.0,4842.0,4754.0,4813.0,4835.0,4795.0,4938.0,143.0,+3.0%,290.0,242.0,5.153321976149915,"(2,3) "
144,Euclid Av ,B,9368.0,9722.0,9435.0,9750.0,10037.0,10169.0,10418.0,249.0,+2.4%,151.0,1050.0,11.208368915456875,"(A,C) "
145,Flatbush Av-Brooklyn College ,B,19825.0,20338.0,20159.0,21355.0,22168.0,21942.0,21941.0,-1.0,-0.0%,63.0,2116.0,10.673392181588904,"(2,5) "
146,Flushing Av ,B,1961.0,1974.0,1900.0,1930.0,2032.0,2157.0,2373.0,216.0,+10.0%,387.0,412.0,21.009688934217234,(G) 
147,Flushing Av ,B,6803.0,7378.0,7765.0,8243.0,8477.0,8963.0,9165.0,202.0,+2.3%,172.0,2362.0,34.719976480964284,"(J,M) "
148,Fort Hamilton Pkwy ,B,3685.0,3809.0,3783.0,3772.0,3640.0,3403.0,3984.0,581.0,+17.1%,329.0,299.0,8.113975576662144,(D) 
149,Fort Hamilton Pkwy ,B,4625.0,4805.0,4816.0,4967.0,4268.0,5092.0,5531.0,439.0,+8.6%,269.0,906.0,19.589189189189188,"(F,G) "
150,Fort Hamilton Pkwy ,B,5997.0,6399.0,6407.0,6508.0,6715.0,6786.0,7034.0,248.0,+3.7%,212.0,1037.0,17.29197932299483,(N) 
151,Franklin Av ,B,12882.0,13537.0,13557.0,14071.0,14795.0,15352.0,15775.0,423.0,+2.8%,91.0,2893.0,22.457692904828445,"(2,3,4,5)/Botanic Garden (S) "
152,Franklin Av ,B,4720.0,5022.0,4906.0,5348.0,5786.0,6111.0,6227.0,116.0,+1.9%,242.0,1507.0,31.927966101694917,"(C,S) "
153,Fulton St ,B,3004.0,3235.0,3379.0,3523.0,3699.0,3956.0,4266.0,310.0,+7.8%,318.0,1262.0,42.01065246338216,(G) 
154,Gates Av ,B,4662.0,5037.0,5194.0,5413.0,5787.0,5964.0,5999.0,35.0,+0.6%,250.0,1337.0,28.678678678678676,"(J,Z) "
155,Graham Av ,B,8023.0,8503.0,8766.0,9442.0,9828.0,9889.0,10136.0,247.0,+2.5%,154.0,2113.0,26.336781752461675,(L) 
156,Grand Army Plaza ,B,7869.0,7841.0,7661.0,7722.0,7882.0,8068.0,8066.0,-2.0,-0.0%,188.0,197.0,2.5034947261405516,"(2,3) "
157,Grand St ,B,6490.0,6816.0,6700.0,6923.0,7169.0,7171.0,7444.0,273.0,+3.8%,201.0,954.0,14.699537750385208,(L) 
158,Grant Av ,B,5952.0,6170.0,6091.0,6089.0,6216.0,6290.0,6270.0,-20.0,-0.3%,241.0,318.0,5.342741935483871,(A) 
159,Greenpoint Av ,B,7372.0,7660.0,7392.0,7523.0,8073.0,8212.0,8461.0,249.0,+3.0%,184.0,1089.0,14.772110689093868,(G) 
160,Halsey St ,B,4684.0,5061.0,5109.0,5378.0,5608.0,5650.0,5805.0,155.0,+2.7%,261.0,1121.0,23.932536293766013,(J) 
161,Halsey St ,B,5821.0,6313.0,6154.0,6420.0,6672.0,6904.0,7308.0,404.0,+5.9%,206.0,1487.0,25.545438928019244,(L) 
162,Hewes St ,B,1966.0,2143.0,2272.0,2420.0,2628.0,2811.0,2859.0,48.0,+1.7%,372.0,893.0,45.42217700915565,"(J,M) "
163,High St ,B,5572.0,6089.0,6045.0,6259.0,6586.0,7050.0,7543.0,493.0,+7.0%,198.0,1971.0,35.37329504666188,"(A,C) "
164,Hoyt St ,B,6652.0,6613.0,6341.0,6262.0,6535.0,6710.0,6657.0,-53.0,-0.8%,223.0,5.0,0.07516536380036079,"(2,3) "
165,Hoyt-Schermerhorn Sts ,B,8847.0,9553.0,9642.0,9742.0,9760.0,9928.0,9604.0,-324.0,-3.3%,165.0,757.0,8.55657284955352,"(A,C,G) "
166,Jay St-MetroTech ,B,35761.0,36596.0,35723.0,35884.0,38037.0,39561.0,40183.0,622.0,+1.6%,23.0,4422.0,12.365426022762227,"(A,C,F,R)"
167,Jefferson St ,B,4502.0,4865.0,5059.0,5408.0,5771.0,5951.0,6612.0,661.0,+11.1%,225.0,2110.0,46.868058640604175,(L) 
168,Junius St ,B,2057.0,2105.0,2024.0,2142.0,2153.0,2204.0,2206.0,2.0,+0.1%,393.0,149.0,7.243558580456977,(3) 
169,Kings Hwy ,B,18181.0,19193.0,18462.0,19091.0,17639.0,18422.0,18799.0,377.0,+2.0%,71.0,618.0,3.3991529618832845,"(B,Q) "
170,Kings Hwy ,B,3503.0,3513.0,3323.0,3478.0,3605.0,3681.0,3655.0,-26.0,-0.7%,344.0,152.0,4.339137881815587,(F) 
171,Kings Hwy ,B,4597.0,4923.0,4989.0,5017.0,5065.0,5104.0,5154.0,50.0,+1.0%,282.0,557.0,12.116597781161627,(N) 
172,Kingston Av ,B,4789.0,4947.0,4734.0,4717.0,4825.0,4929.0,4949.0,20.0,+0.4%,288.0,160.0,3.3409897682188348,(3) 
173,Kingston-Throop Avs ,B,4787.0,4962.0,4769.0,4897.0,5152.0,5331.0,5678.0,347.0,+6.5%,262.0,891.0,18.612909964487155,(C) 
174,Knickerbocker Av ,B,3043.0,3204.0,3260.0,3325.0,3575.0,2350.0,3429.0,1079.0,+45.9%,352.0,386.0,12.68485047650345,(M) 
175,Kosciuszko St ,B,3732.0,4028.0,4107.0,4315.0,4528.0,4592.0,4751.0,159.0,+3.5%,301.0,1019.0,27.30439442658092,(J) 
176,Lafayette Av ,B,4186.0,4518.0,4409.0,4627.0,4665.0,4774.0,4825.0,51.0,+1.1%,296.0,639.0,15.265169612995699,(C) 
177,Liberty Av ,B,2948.0,2960.0,2871.0,2746.0,2687.0,2632.0,2658.0,26.0,+1.0%,379.0,-290.0,-9.837177747625509,(C) 
178,Livonia Av ,B,1983.0,2249.0,2280.0,2497.0,2678.0,2908.0,2959.0,51.0,+1.8%,369.0,976.0,49.21835602622289,(L) 
179,Lorimer St ,B,3858.0,4217.0,4287.0,4364.0,4564.0,4779.0,4796.0,17.0,+0.4%,297.0,938.0,24.313115603939867,"(J,M) "
180,Lorimer St ,B,10883.0,11436.0,11846.0,12556.0,12815.0,13344.0,14004.0,660.0,+4.9%,109.0,3121.0,28.677754295690526,(L)/Metropolitan Av (G)
181,Marcy Av ,B,8340.0,9217.0,9550.0,10349.0,11319.0,11591.0,11775.0,184.0,+1.6%,132.0,3435.0,41.18705035971223,"(J,M,Z) "
182,Montrose Av ,B,5007.0,5333.0,5433.0,5946.0,6268.0,6452.0,6731.0,279.0,+4.3%,222.0,1724.0,34.43179548631915,(L) 
183,Morgan Av ,B,4633.0,5078.0,5269.0,6050.0,6530.0,6821.0,7126.0,305.0,+4.5%,209.0,2493.0,53.809626591841145,(L) 
184,Myrtle Av ,B,7490.0,8192.0,8405.0,8995.0,9670.0,10098.0,10876.0,778.0,+7.7%,146.0,3386.0,45.20694259012016,"(J,M,Z) "
185,Myrtle-Willoughby Avs ,B,3818.0,4179.0,4250.0,4139.0,4412.0,4581.0,4916.0,335.0,+7.3%,292.0,1098.0,28.758512310110007,(G) 
186,Myrtle-Wyckoff Avs ,B,14790.0,16026.0,16030.0,16445.0,16689.0,17537.0,18167.0,630.0,+3.6%,74.0,3377.0,22.832995267072345,"(L,M) "
187,Nassau Av ,B,7654.0,7782.0,7542.0,7343.0,7791.0,8096.0,8435.0,339.0,+4.2%,185.0,781.0,10.203814998693494,(G) 
188,Neck Rd ,B,3713.0,3796.0,3182.0,2606.0,4114.0,3834.0,3941.0,107.0,+2.8%,332.0,228.0,6.140587126312955,(Q) 
189,Neptune Av ,B,1626.0,1611.0,1583.0,1720.0,1794.0,1705.0,1749.0,44.0,+2.6%,399.0,123.0,7.564575645756458,(F) 
190,Nevins St ,B,11134.0,11406.0,11579.0,11778.0,11708.0,11653.0,11468.0,-185.0,-1.6%,139.0,334.0,2.9998203700377224,"(2,3,4,5) "
191,New Lots Av ,B,5675.0,5874.0,5752.0,6015.0,6223.0,6214.0,6349.0,135.0,+2.2%,237.0,674.0,11.876651982378855,(3) 
192,New Lots Av ,B,3115.0,3520.0,3729.0,3961.0,4255.0,4475.0,4785.0,310.0,+6.9%,298.0,1670.0,53.6115569823435,(L) 
193,New Utrecht Av ,B,5086.0,5161.0,5052.0,5155.0,5340.0,5883.0,5159.0,-724.0,-12.3%,281.0,73.0,1.4353126228863546,(N)/62 St (D) 
194,Newkirk Av ,B,7645.0,7851.0,7561.0,7666.0,7715.0,7604.0,7757.0,153.0,+2.0%,194.0,112.0,1.4650098103335514,"(2,5) "
195,Newkirk Plaza ,B,9563.0,10004.0,9375.0,9179.0,9672.0,9890.0,10788.0,898.0,+9.1%,148.0,1225.0,12.809787723517724,"(B,Q) "
196,Norwood Av ,B,3221.0,3390.0,3319.0,3381.0,3366.0,3518.0,3492.0,-26.0,-0.7%,349.0,271.0,8.413536168891648,"(J,Z) "
197,Nostrand Av ,B,3895.0,3891.0,3782.0,3980.0,4069.0,4113.0,4151.0,38.0,+0.9%,323.0,256.0,6.572528883183569,(3) 
198,Nostrand Av ,B,14840.0,15658.0,15018.0,15264.0,15868.0,16439.0,16843.0,404.0,+2.5%,80.0,2003.0,13.497304582210242,"(A,C) "
199,Ocean Pkwy ,B,2864.0,2992.0,3075.0,3350.0,3314.0,3155.0,3141.0,-14.0,-0.4%,364.0,277.0,9.671787709497206,(Q) 
200,Park Pl ,B,2363.0,2427.0,2305.0,2261.0,2259.0,2201.0,2077.0,-124.0,-5.6%,395.0,-286.0,-12.103258569614898,(S) 
201,Parkside Av ,B,5569.0,5648.0,5661.0,6407.0,6691.0,5729.0,4240.0,-1489.0,-26.0%,319.0,-1329.0,-23.864248518585025,(Q) 
202,Pennsylvania Av ,B,5832.0,5964.0,5799.0,5800.0,5798.0,5696.0,5675.0,-21.0,-0.4%,263.0,-157.0,-2.6920438957475996,(3) 
203,President St ,B,3365.0,3492.0,3469.0,3731.0,3754.0,3815.0,3969.0,154.0,+4.0%,330.0,604.0,17.949479940564636,"(2,5) "
204,Prospect Av ,B,5774.0,6042.0,6008.0,6006.0,6230.0,6147.0,5934.0,-213.0,-3.5%,254.0,160.0,2.7710426047800487,(R) 
205,Prospect Park ,B,8322.0,8675.0,8641.0,8496.0,8557.0,9024.0,9761.0,737.0,+8.2%,161.0,1439.0,17.29151646238885,"(B,Q,S) "
206,Ralph Av ,B,4531.0,4721.0,4617.0,4840.0,5007.0,5175.0,5381.0,206.0,+4.0%,275.0,850.0,18.759655705142354,(C) 
207,Rockaway Av ,B,5616.0,5828.0,5699.0,5729.0,5715.0,5636.0,5632.0,-4.0,-0.1%,267.0,16.0,0.2849002849002849,(3) 
208,Rockaway Av ,B,4633.0,4889.0,4786.0,4815.0,4971.0,5089.0,5137.0,48.0,+0.9%,283.0,504.0,10.87848046622059,(C) 
209,Saratoga Av ,B,5421.0,5572.0,5472.0,5529.0,5662.0,5697.0,5807.0,110.0,+1.9%,260.0,386.0,7.12045748016971,(3) 
210,Sheepshead Bay ,B,14429.0,14899.0,14670.0,14969.0,13716.0,14083.0,14010.0,-73.0,-0.5%,108.0,-419.0,-2.9038741423522074,"(B,Q) "
211,Shepherd Av ,B,2913.0,3076.0,2939.0,2917.0,2968.0,3034.0,3149.0,115.0,+3.8%,363.0,236.0,8.101613456917267,(C) 
212,Smith-9 Sts ,B,4097.0,4464.0,4579.0,4763.0,1834.0,0.0,2854.0,2854.0,NAN,373.0,-1243.0,-30.339272638515986,"(F,G) "
213,Sterling St ,B,5326.0,5417.0,5315.0,5597.0,5755.0,5899.0,5915.0,16.0,+0.3%,255.0,589.0,11.05895606458881,"(2,5) "
214,Sutter Av ,B,3265.0,3556.0,3766.0,4050.0,4201.0,4437.0,4555.0,118.0,+2.7%,309.0,1290.0,39.50995405819295,(L) 
215,Sutter Av-Rutland Rd ,B,7325.0,7495.0,7259.0,7461.0,7621.0,7713.0,7831.0,118.0,+1.5%,192.0,506.0,6.907849829351536,(3) 
216,Union St ,B,6317.0,6581.0,6591.0,6738.0,7010.0,6935.0,6528.0,-407.0,-5.9%,231.0,211.0,3.340193129650151,(R) 
217,Utica Av ,B,13367.0,14057.0,13515.0,13584.0,13977.0,14327.0,14673.0,346.0,+2.4%,104.0,1306.0,9.770329916959678,"(A,C) "
218,Van Siclen Av ,B,2937.0,3090.0,3124.0,3302.0,3415.0,3431.0,3431.0,0.0,+0.0%,351.0,494.0,16.819884235614573,(3) 
219,Van Siclen Av ,B,2646.0,2903.0,2763.0,2829.0,2854.0,2864.0,2974.0,110.0,+3.8%,365.0,328.0,12.396069538926682,(C) 
220,Van Siclen Av ,B,2265.0,2437.0,2550.0,2615.0,2765.0,2829.0,2883.0,54.0,+1.9%,370.0,618.0,27.28476821192053,"(J,Z) "
221,West 8 St-New York Aquarium ,B,2146.0,2333.0,2302.0,2506.0,2478.0,2285.0,2069.0,-216.0,-9.5%,396.0,-77.0,-3.5880708294501398,"(F,Q) "
222,Wilson Av ,B,3036.0,3354.0,3357.0,3400.0,3532.0,3566.0,3865.0,299.0,+8.4%,334.0,829.0,27.30566534914361,(L) 
223,Winthrop St ,B,6581.0,6862.0,6854.0,7185.0,7409.0,7524.0,7639.0,115.0,+1.5%,197.0,1058.0,16.076584105759004,"(2,5) "
224,York St ,B,5131.0,5894.0,6077.0,6621.0,7426.0,7798.0,8629.0,831.0,+10.7%,182.0,3498.0,68.17384525433638,(F) 
225,1 Av ,M,17358.0,19203.0,20006.0,21157.0,22039.0,22436.0,23467.0,1031.0,+4.6%,56.0,6109.0,35.19414679110496,(L) 
226,103 St ,M,13353.0,13573.0,13409.0,12968.0,13292.0,13557.0,13500.0,-57.0,-0.4%,113.0,147.0,1.1008762075937992,(1) 
227,103 St ,M,13897.0,14500.0,14663.0,15210.0,15673.0,15721.0,16189.0,468.0,+3.0%,89.0,2292.0,16.492768223357558,(6) 
228,103 St ,M,4778.0,4961.0,4736.0,4782.0,4562.0,4659.0,4760.0,101.0,+2.2%,300.0,-18.0,-0.37672666387609877,"(B,C) "
229,110 St ,M,10973.0,11320.0,11425.0,11630.0,11836.0,11908.0,12162.0,254.0,+2.1%,129.0,1189.0,10.83568759682858,(6) 
230,116 St ,M,9522.0,9968.0,10190.0,10227.0,10627.0,11100.0,11508.0,408.0,+3.7%,138.0,1986.0,20.85696282293636,"(2,3) "
231,116 St ,M,13994.0,14698.0,14899.0,15655.0,16206.0,16514.0,16675.0,161.0,+1.0%,82.0,2681.0,19.158210661712165,(6) 
232,116 St ,M,5331.0,5752.0,5745.0,5945.0,6153.0,6328.0,6594.0,266.0,+4.2%,226.0,1263.0,23.6916150815982,"(B,C) "
233,116 St-Columbia University ,M,15657.0,15939.0,15891.0,15808.0,16130.0,16283.0,16363.0,80.0,+0.5%,87.0,706.0,4.509165229609759,(1) 
234,125 St ,M,7126.0,7380.0,7221.0,7243.0,7468.0,7857.0,7995.0,138.0,+1.8%,190.0,869.0,12.194779680044906,(1) 
235,125 St ,M,13075.0,13810.0,14207.0,13878.0,14101.0,14471.0,15351.0,880.0,+6.1%,96.0,2276.0,17.407265774378587,"(2,3) "
236,125 St ,M,26282.0,27433.0,27704.0,27990.0,28341.0,28913.0,29425.0,512.0,+1.8%,34.0,3143.0,11.958755041473252,"(4,5,6) "
237,125 St ,M,23402.0,24566.0,24404.0,24584.0,25084.0,26276.0,27395.0,1119.0,+4.3%,40.0,3993.0,17.06264421844287,"(A,B,C,D) "
238,135 St ,M,12158.0,12505.0,12676.0,13031.0,13641.0,14120.0,14690.0,570.0,+4.0%,103.0,2532.0,20.825793716071722,"(2,3) "
239,135 St ,M,4540.0,4791.0,4657.0,4878.0,5145.0,5409.0,5592.0,183.0,+3.4%,268.0,1052.0,23.17180616740088,"(B,C) "
240,137 St-City College ,M,14316.0,14454.0,14181.0,14158.0,14528.0,14854.0,14947.0,93.0,+0.6%,100.0,631.0,4.407655769768091,(1) 
241,14 St ,M,35018.0,36735.0,35157.0,36777.0,38802.0,40990.0,42718.0,1728.0,+4.2%,19.0,7700.0,21.988691530070252,"(A,C,E)/8 Av (L) "
242,14 St ,M,46877.0,48540.0,47932.0,47204.0,47831.0,49237.0,49316.0,79.0,+0.2%,17.0,2439.0,5.202978006271732,"(F,M,1,2,3)/6 Av (L) "
243,14 St-Union Sq ,M,104501.0,109272.0,105118.0,106380.0,107352.0,108000.0,108158.0,158.0,+0.1%,4.0,3657.0,3.4994880431766204,"(L,N,Q,R,4,5,6) "
244,145 St ,M,9422.0,9487.0,9382.0,9417.0,9510.0,9952.0,9931.0,-21.0,-0.2%,157.0,509.0,5.40225005306729,(1) 
245,145 St ,M,2693.0,2777.0,2848.0,2873.0,3136.0,3273.0,3426.0,153.0,+4.7%,353.0,733.0,27.218715187523205,(3) 
246,145 St ,M,19170.0,20476.0,20126.0,20730.0,21576.0,22125.0,22879.0,754.0,+3.4%,60.0,3709.0,19.34793948878456,"(A,B,C,D) "
247,155 St ,M,3718.0,3735.0,3728.0,3823.0,3845.0,3947.0,3948.0,1.0,+0.0%,331.0,230.0,6.1861215707369555,"(B,D) "
248,155 St ,M,2264.0,2321.0,2221.0,2279.0,2455.0,2490.0,2529.0,39.0,+1.6%,383.0,265.0,11.70494699646643,(C) 
249,157 St ,M,9706.0,9815.0,9843.0,9899.0,9972.0,10331.0,10677.0,346.0,+3.3%,149.0,971.0,10.004121162167731,(1) 
250,163 St-Amsterdam Av ,M,3587.0,3600.0,3525.0,3663.0,3772.0,3849.0,4080.0,231.0,+6.0%,326.0,493.0,13.744075829383887,(C) 
251,168 St ,M,22377.0,23458.0,23592.0,23572.0,24019.0,24580.0,25041.0,461.0,+1.9%,49.0,2664.0,11.905081110068373,"(A,C,1) "
252,175 St ,M,12325.0,12402.0,11834.0,12078.0,12737.0,12914.0,13309.0,395.0,+3.1%,114.0,984.0,7.983772819472616,(A) 
253,18 St ,M,8010.0,8076.0,7846.0,7968.0,8199.0,8437.0,8505.0,68.0,+0.8%,183.0,495.0,6.179775280898876,(1) 
254,181 St ,M,10819.0,11133.0,10604.0,10803.0,10370.0,10978.0,11228.0,250.0,+2.3%,142.0,409.0,3.780386357334319,(1) 
255,181 St ,M,9795.0,9772.0,9585.0,9723.0,10044.0,10223.0,10404.0,181.0,+1.8%,152.0,609.0,6.217457886676876,(A) 
256,190 St ,M,4007.0,3993.0,3891.0,3988.0,4425.0,4592.0,4546.0,-46.0,-1.0%,311.0,539.0,13.451459945096081,(A) 
257,191 St ,M,7648.0,7880.0,7532.0,7561.0,7686.0,8042.0,8258.0,216.0,+2.7%,186.0,610.0,7.975941422594142,(1) 
258,2 Av ,M,16637.0,17552.0,17310.0,17090.0,17364.0,17540.0,17801.0,261.0,+1.5%,76.0,1164.0,6.996453687563864,(F) 
259,207 St ,M,5189.0,5640.0,5746.0,5917.0,6745.0,6954.0,6098.0,-856.0,-12.3%,246.0,909.0,17.51782617074581,(1) 
260,215 St ,M,1444.0,1824.0,1979.0,1949.0,2006.0,1996.0,2078.0,82.0,+4.1%,394.0,634.0,43.905817174515235,(1) 
261,23 St ,M,14948.0,14766.0,14338.0,14379.0,14663.0,14931.0,15283.0,352.0,+2.4%,97.0,335.0,2.241102488627241,(1) 
262,23 St ,M,31527.0,32018.0,30908.0,30929.0,31206.0,31053.0,31777.0,724.0,+2.3%,32.0,250.0,0.7929711041329655,(6) 
263,23 St ,M,21799.0,22749.0,22061.0,21934.0,22900.0,23572.0,24782.0,1210.0,+5.1%,50.0,2983.0,13.684113950181201,"(C,E) "
264,23 St ,M,25706.0,25917.0,24407.0,25100.0,27049.0,27977.0,28749.0,772.0,+2.8%,35.0,3043.0,11.837703259939314,"(F,M) "
265,23 St ,M,18853.0,19695.0,19065.0,20007.0,22080.0,22981.0,22760.0,-221.0,-1.0%,61.0,3907.0,20.723492282395377,"(N,R) "
266,28 St ,M,12388.0,12601.0,12752.0,13179.0,13634.0,14597.0,15149.0,552.0,+3.8%,99.0,2761.0,22.287697772037458,(1) 
267,28 St ,M,22323.0,22750.0,22042.0,22274.0,22794.0,22715.0,23696.0,981.0,+4.3%,53.0,1373.0,6.150606997267392,(6) 
268,28 St ,M,9719.0,9965.0,9657.0,10003.0,10894.0,11502.0,11607.0,105.0,+0.9%,135.0,1888.0,19.425866858730323,"(N,R) "
269,3 Av ,M,5241.0,5605.0,5815.0,6123.0,6278.0,6532.0,6803.0,271.0,+4.1%,220.0,1562.0,29.80347261972906,(L) 
270,33 St ,M,31292.0,31883.0,30129.0,30497.0,31181.0,31877.0,32783.0,906.0,+2.8%,31.0,1491.0,4.7647961140227535,(6) 
271,34 St-Herald Square ,M,124651.0,126117.0,119202.0,120764.0,121081.0,121120.0,122517.0,1397.0,+1.2%,3.0,-2134.0,-1.7119798477348755,"(B,D,F,M,N,Q,R) "
272,34 St-Penn Station ,M,91169.0,92750.0,88520.0,87736.0,87482.0,88929.0,90042.0,1113.0,+1.3%,5.0,-1127.0,-1.2361658019721615,"(1,2,3) "
273,34 St-Penn Station ,M,83450.0,85542.0,79875.0,80009.0,81585.0,82511.0,83717.0,1206.0,+1.5%,6.0,267.0,0.3199520671060515,"(A,C,E) "
274,42 St-Bryant Pk ,M,47175.0,48939.0,46431.0,47741.0,50375.0,51962.0,53222.0,1260.0,+2.4%,15.0,6047.0,12.818229994700584,"(B,D,F,M)/5 Av (7) "
275,47-50 Sts-Rockefeller Center ,M,61560.0,60818.0,55402.0,56758.0,59979.0,59749.0,61099.0,1350.0,+2.3%,12.0,-461.0,-0.748862897985705,"(B,D,F,M) "
276,49 St ,M,25410.0,25796.0,24487.0,25284.0,25480.0,25793.0,25356.0,-437.0,-1.7%,47.0,-54.0,-0.21251475796930344,"(N,Q,R) "
277,5 Av-53 St ,M,26411.0,26667.0,24027.0,23239.0,23970.0,24727.0,25939.0,1212.0,+4.9%,45.0,-472.0,-1.7871341486501837,"(E,M) "
278,5 Av-59 St ,M,17896.0,18894.0,17762.0,18200.0,18797.0,18816.0,18394.0,-422.0,-2.2%,72.0,498.0,2.782744747429593,"(N,Q,R) "
279,50 St ,M,27141.0,26187.0,24388.0,24636.0,25062.0,25930.0,26192.0,262.0,+1.0%,44.0,-949.0,-3.4965550274492467,(1) 
280,50 St ,M,18314.0,18776.0,17395.0,16936.0,17403.0,17892.0,19406.0,1514.0,+8.5%,69.0,1092.0,5.962651523424702,"(C,E) "
281,57 St ,M,15157.0,15267.0,13939.0,14426.0,15045.0,14743.0,15363.0,620.0,+4.2%,95.0,206.0,1.359108002902949,(F) 
282,57 St-7 Av ,M,28494.0,29393.0,28121.0,27958.0,27497.0,28044.0,28159.0,115.0,+0.4%,37.0,-335.0,-1.1756861093563558,"(N,Q,R) "
283,59 St-Columbus Circle ,M,65507.0,66969.0,65376.0,66058.0,67901.0,69653.0,72236.0,2583.0,+3.7%,7.0,6729.0,10.27218465202192,"(A,B,C,D,1) "
284,66 St-Lincoln Center ,M,22887.0,22623.0,21496.0,21717.0,22436.0,23305.0,23651.0,346.0,+1.5%,55.0,764.0,3.3381395552060122,(1) 
285,68 St-Hunter College ,M,35708.0,36269.0,35323.0,34984.0,36026.0,36109.0,36562.0,453.0,+1.3%,30.0,854.0,2.39162092528285,(6) 
286,7 Av ,M,14476.0,14793.0,13887.0,14004.0,14530.0,14922.0,15800.0,878.0,+5.9%,90.0,1324.0,9.146172975960209,"(B,D,E) "
287,72 St ,M,35330.0,36311.0,36287.0,36900.0,39180.0,40271.0,40853.0,582.0,+1.4%,21.0,5523.0,15.632606849702801,"(1,2,3) "
288,72 St ,M,8062.0,8532.0,8245.0,8435.0,8679.0,8875.0,9067.0,192.0,+2.2%,175.0,1005.0,12.465889357479535,"(B,C) "
289,77 St ,M,35200.0,36182.0,35288.0,35579.0,36607.0,36846.0,37182.0,336.0,+0.9%,28.0,1982.0,5.630681818181818,(6) 
290,79 St ,M,16721.0,16345.0,15802.0,15952.0,16276.0,16349.0,16576.0,227.0,+1.4%,85.0,-145.0,-0.8671730159679446,(1) 
291,8 St-New York University ,M,16443.0,16696.0,16303.0,16759.0,17759.0,17766.0,16597.0,-1169.0,-6.6%,84.0,154.0,0.9365687526607066,"(N,R) "
292,81 St-Museum of Natural History ,M,12036.0,12484.0,12370.0,12374.0,12685.0,13119.0,13663.0,544.0,+4.1%,111.0,1627.0,13.517779993353274,"(B,C) "
293,86 St ,M,19491.0,19354.0,18933.0,18901.0,19269.0,19677.0,19766.0,89.0,+0.5%,67.0,275.0,1.410907598378739,(1) 
294,86 St ,M,59958.0,61897.0,60254.0,60965.0,62214.0,63550.0,64741.0,1191.0,+1.9%,10.0,4783.0,7.977250742186197,"(4,5,6) "
295,86 St ,M,10779.0,10998.0,10469.0,10572.0,10771.0,11093.0,11236.0,143.0,+1.3%,141.0,457.0,4.23972539196586,"(B,C) "
296,96 St ,M,35159.0,35682.0,34571.0,35053.0,36550.0,37941.0,38711.0,770.0,+2.0%,26.0,3552.0,10.102676412867261,"(1,2,3) "
297,96 St ,M,24149.0,25033.0,24591.0,24870.0,25848.0,26070.0,26232.0,162.0,+0.6%,43.0,2083.0,8.625615967534888,(6) 
298,96 St ,M,8129.0,8619.0,8530.0,9037.0,9249.0,9514.0,9815.0,301.0,+3.2%,159.0,1686.0,20.74055849427974,"(B,C) "
299,Astor Place ,M,17642.0,17927.0,17376.0,17630.0,17632.0,17607.0,17914.0,307.0,+1.7%,75.0,272.0,1.5417753089218909,(6) 
300,Bowery ,M,2434.0,2822.0,3084.0,3016.0,2763.0,2746.0,2743.0,-3.0,-0.1%,376.0,309.0,12.695152013147082,"(J,Z) "
301,Bowling Green ,M,25784.0,28094.0,26925.0,26411.0,27015.0,28183.0,30640.0,2457.0,+8.7%,33.0,4856.0,18.83338504498914,"(4,5) "
302,Broad St ,M,6846.0,7199.0,7052.0,6401.0,5746.0,5261.0,5635.0,374.0,+7.1%,265.0,-1211.0,-17.68916155419223,"(J,Z) "
303,Broadway-Lafayette St ,M,31923.0,33377.0,32489.0,34191.0,36301.0,37283.0,38799.0,1516.0,+4.1%,25.0,6876.0,21.539329010431352,"(B,D,F,M)/Bleecker St (6) "
304,Brooklyn Bridge-City Hall ,M,34570.0,36656.0,36679.0,36939.0,36350.0,36993.0,36680.0,-313.0,-0.8%,29.0,2110.0,6.103557998264391,"(4,5,6)/Chambers St (J,Z)"
305,Canal St ,M,5460.0,5689.0,5526.0,5691.0,5960.0,5854.0,6039.0,185.0,+3.2%,247.0,579.0,10.604395604395604,(1) 
306,Canal St ,M,17795.0,18503.0,17858.0,17975.0,18986.0,19097.0,19738.0,641.0,+3.4%,68.0,1943.0,10.918797415004216,"(A,C,E) "
307,Canal St ,M,45505.0,47383.0,46450.0,46435.0,45700.0,45952.0,44696.0,-1256.0,-2.7%,18.0,-809.0,-1.7778266124601692,"(J,N,Q,R,Z,6) "
308,Cathedral Pkwy-110 St ,M,12938.0,13382.0,13277.0,13116.0,13650.0,13870.0,13874.0,4.0,+0.0%,110.0,936.0,7.234503014376256,(1) 
309,Cathedral Pkwy-110 St ,M,6083.0,6448.0,6309.0,6597.0,6742.0,6933.0,7117.0,184.0,+2.7%,210.0,1034.0,16.998191681735985,"(B,C) "
310,Central Park North-110 St ,M,7376.0,7678.0,7927.0,8098.0,8472.0,8751.0,9130.0,379.0,+4.3%,174.0,1754.0,23.77982646420824,"(2,3) "
311,Chambers St ,M,18006.0,18949.0,20202.0,21619.0,22683.0,23151.0,23147.0,-4.0,-0.0%,58.0,5141.0,28.551593913140067,"(1,2,3) "
312,Chambers St ,M,53900.0,54437.0,51076.0,50671.0,53178.0,53589.0,53426.0,-163.0,-0.3%,14.0,-474.0,-0.8794063079777364,"(A,C)/WTC (E)/Park Place (2,3) "
313,Christopher St-Sheridan Sq ,M,10142.0,10136.0,10016.0,10005.0,10077.0,10068.0,10076.0,8.0,+0.1%,155.0,-66.0,-0.6507592190889371,(1) 
314,City Hall ,M,10697.0,11107.0,10636.0,9840.0,8954.0,7330.0,5666.0,-1664.0,-22.7%,264.0,-5031.0,-47.031878096662616,(R) 
315,Cortlandt St ,M,0.0,0.0,0.0,0.0,0.0,0.0,0.0,NAN,NAN,NAN,0.0,NAN,(1) 
316,Cortlandt St ,M,0.0,0.0,347.0,3361.0,4745.0,6393.0,5497.0,-896.0,-14.0%,271.0,5497.0,inf,(R) 
317,Delancey St ,M,18016.0,19078.0,19380.0,20798.0,22127.0,22846.0,23691.0,845.0,+3.7%,54.0,5675.0,31.499777975133213,"(F)/Essex St (J,M,Z) "
318,Dyckman St ,M,7235.0,7482.0,7248.0,7092.0,4025.0,3795.0,6564.0,2769.0,+73.0%,228.0,-671.0,-9.274360746371805,(1) 
319,Dyckman St ,M,5914.0,5778.0,5579.0,5935.0,7088.0,7375.0,6557.0,-818.0,-11.1%,230.0,643.0,10.872505918160298,(A) 
320,East Broadway ,M,12964.0,13321.0,12783.0,12779.0,12993.0,13052.0,13276.0,224.0,+1.7%,116.0,312.0,2.406664609688368,(F) 
321,Franklin St ,M,5846.0,5857.0,5596.0,5804.0,5998.0,5931.0,5825.0,-106.0,-1.8%,259.0,-21.0,-0.35921997947314405,(1) 
322,Fulton St ,M,66293.0,68975.0,65635.0,64287.0,63203.0,62779.0,64461.0,1682.0,+2.7%,11.0,-1832.0,-2.7634893578507533,"(A,C,J,Z,2,3,4,5)"
323,Grand Central-42 St ,M,149224.0,153747.0,144904.0,144350.0,147644.0,150266.0,153861.0,3595.0,+2.4%,2.0,4637.0,3.1074089958719777,"(S,4,5,6,7) "
324,Grand St ,M,22310.0,23333.0,23266.0,23304.0,23284.0,23406.0,23770.0,364.0,+1.6%,52.0,1460.0,6.544150605109817,"(B,D) "
325,Harlem-148 St ,M,3154.0,3285.0,3266.0,3277.0,3553.0,3616.0,3790.0,174.0,+4.8%,339.0,636.0,20.164870006341154,(3) 
326,Houston St ,M,13606.0,13705.0,13606.0,13908.0,14814.0,15247.0,15736.0,489.0,+3.2%,92.0,2130.0,15.654858150815818,(1) 
327,Inwood-207 St ,M,8121.0,8156.0,8113.0,8202.0,8888.0,8717.0,8866.0,149.0,+1.7%,178.0,745.0,9.173747075483314,(A) 
328,Lexington Av ,M,62657.0,65013.0,61403.0,63138.0,65855.0,67478.0,67841.0,363.0,+0.5%,9.0,5184.0,8.273616674912619,"(N,Q,R)/59 St (4,5,6) "
329,Lexington Av-53 St ,M,71048.0,70667.0,64389.0,62774.0,66045.0,67821.0,69973.0,2152.0,+3.2%,8.0,-1075.0,-1.5130615921630448,"(E,M)/51 St (6) "
330,Lexington Av-63 St ,M,12991.0,13488.0,13425.0,15816.0,15616.0,15639.0,15404.0,-235.0,-1.5%,94.0,2413.0,18.574397659918404,(F) 
331,Marble Hill-225 St ,M,5434.0,5718.0,5586.0,5570.0,4758.0,5380.0,5456.0,76.0,+1.4%,273.0,22.0,0.4048582995951417,(1) 
332,Prince St ,M,13849.0,14330.0,13834.0,14826.0,16223.0,16344.0,15261.0,-1083.0,-6.6%,98.0,1412.0,10.195681998700268,"(N,R) "
333,Rector St ,M,7386.0,8072.0,7983.0,8165.0,8902.0,10065.0,11323.0,1258.0,+12.5%,140.0,3937.0,53.303547251557006,(1) 
334,Rector St ,M,10296.0,10479.0,9487.0,8588.0,8083.0,6912.0,5362.0,-1550.0,-22.4%,276.0,-4934.0,-47.92152292152292,(R) 
335,Roosevelt Island ,M,5871.0,6071.0,5816.0,7870.0,6576.0,6430.0,6321.0,-109.0,-1.7%,238.0,450.0,7.664793050587634,(F) 
336,South Ferry ,M,28007.0,28948.0,29284.0,29014.0,29583.0,26576.0,20405.0,-6171.0,-23.2%,66.0,-7602.0,-27.143214196450888,(1)/Whitehall St (R) 
337,Spring St ,M,10509.0,10877.0,10603.0,11132.0,11729.0,12153.0,12257.0,104.0,+0.9%,126.0,1748.0,16.633361880293084,(6) 
338,Spring St ,M,11101.0,11488.0,10893.0,11249.0,12097.0,12604.0,13136.0,532.0,+4.2%,120.0,2035.0,18.331681830465723,"(C,E) "
339,Times Sq-42 St ,M,181992.0,189506.0,181224.0,182170.0,189426.0,195464.0,197696.0,2232.0,+1.1%,1.0,15704.0,8.628950723108709,"(N,Q,R,S,1,2,3,7)/42 St (A,C,E) "
340,Wall St ,M,26579.0,26852.0,26090.0,25371.0,25559.0,25682.0,26706.0,1024.0,+4.0%,42.0,127.0,0.4778208359983446,"(2,3) "
341,Wall St ,M,23107.0,23357.0,22358.0,22551.0,22986.0,23992.0,25078.0,1086.0,+4.5%,48.0,1971.0,8.529882719522222,"(4,5) "
342,West 4 St-Washington Sq ,M,36879.0,38018.0,37304.0,37175.0,37873.0,39157.0,40798.0,1641.0,+4.2%,22.0,3919.0,10.626643889476396,"(A,B,C,D,E,F,M) "
343,103 St-Corona Plaza ,Q,16352.0,18021.0,17627.0,17751.0,18583.0,18984.0,19216.0,232.0,+1.2%,70.0,2864.0,17.5146771037182,(7) 
344,104 St ,Q,1808.0,1827.0,1715.0,1693.0,1751.0,1725.0,1736.0,11.0,+0.6%,401.0,-72.0,-3.982300884955752,(A) 
345,104 St ,Q,2388.0,2509.0,2498.0,2527.0,2558.0,2553.0,2575.0,22.0,+0.9%,382.0,187.0,7.830820770519263,"(J,Z) "
346,111 St ,Q,9725.0,10381.0,10366.0,10457.0,10593.0,10655.0,10914.0,259.0,+2.4%,145.0,1189.0,12.226221079691516,(7) 
347,111 St ,Q,2678.0,2770.0,2666.0,2618.0,2711.0,2728.0,2718.0,-10.0,-0.4%,378.0,40.0,1.4936519790888723,(A) 
348,111 St ,Q,2588.0,2637.0,2607.0,2650.0,2683.0,2613.0,2605.0,-8.0,-0.3%,381.0,17.0,0.6568778979907265,(J) 
349,121 St ,Q,1876.0,2021.0,2091.0,2176.0,2248.0,2218.0,2222.0,4.0,+0.2%,391.0,346.0,18.44349680170576,"(J,Z) "
350,169 St ,Q,7999.0,8416.0,8412.0,8600.0,8949.0,8944.0,9042.0,98.0,+1.1%,176.0,1043.0,13.039129891236403,(F) 
351,21 St ,Q,959.0,1001.0,1015.0,1050.0,1123.0,1478.0,1309.0,-169.0,-11.4%,409.0,350.0,36.496350364963504,(G) 
352,21 St-Queensbridge ,Q,7065.0,7374.0,7602.0,8365.0,8678.0,8749.0,8761.0,12.0,+0.1%,180.0,1696.0,24.005661712668083,(F) 
353,30 Av ,Q,13433.0,13781.0,13430.0,13791.0,13774.0,14515.0,14802.0,287.0,+2.0%,101.0,1369.0,10.191319883868086,"(N,Q) "
354,33 St-Rawson St ,Q,12734.0,13147.0,13405.0,13660.0,13587.0,13985.0,14246.0,261.0,+1.9%,107.0,1512.0,11.873723888801633,(7) 
355,36 Av ,Q,7193.0,7395.0,7187.0,7352.0,7194.0,7669.0,7688.0,19.0,+0.2%,195.0,495.0,6.881690532462116,"(N,Q) "
356,36 St ,Q,3262.0,3354.0,3743.0,4003.0,4340.0,4502.0,4540.0,38.0,+0.8%,312.0,1278.0,39.17841814837523,"(M,R)"
357,39 Av ,Q,2110.0,2269.0,2562.0,2833.0,2768.0,3044.0,3262.0,218.0,+7.2%,359.0,1152.0,54.59715639810426,"(N,Q) "
358,40 St-Lowery St ,Q,10513.0,10725.0,10433.0,10620.0,10751.0,10919.0,11100.0,181.0,+1.7%,144.0,587.0,5.583563207457433,(7) 
359,46 St ,Q,9592.0,9860.0,9222.0,9246.0,9399.0,9482.0,9529.0,47.0,+0.5%,167.0,-63.0,-0.6567973311092578,"(M,R)"
360,46 St-Bliss St ,Q,14145.0,14561.0,14273.0,14389.0,14479.0,14499.0,14656.0,157.0,+1.1%,105.0,511.0,3.6125839519264757,(7) 
361,52 St ,Q,6516.0,6614.0,6388.0,6440.0,6596.0,6748.0,6830.0,82.0,+1.2%,217.0,314.0,4.81890730509515,(7) 
362,63 Dr-Rego Park ,Q,15068.0,15171.0,14395.0,14940.0,15557.0,16056.0,16334.0,278.0,+1.7%,88.0,1266.0,8.401911335280063,"(M,R)"
363,65 St ,Q,3283.0,3409.0,3296.0,3313.0,3448.0,3551.0,3532.0,-19.0,-0.5%,347.0,249.0,7.584526347852575,"(M,R)"
364,67 Av ,Q,9283.0,9534.0,9317.0,9238.0,9333.0,9403.0,9475.0,72.0,+0.8%,169.0,192.0,2.0682968867822904,"(M,R)"
365,69 St ,Q,4853.0,4927.0,4878.0,5031.0,4984.0,5031.0,5085.0,54.0,+1.1%,285.0,232.0,4.780548114568308,(7) 
366,74-Bway ,Q,47675.0,49156.0,48426.0,49216.0,49828.0,50194.0,50841.0,647.0,+1.3%,16.0,3166.0,6.640797063450446,"(7)/Jackson Hts-Roosevelt Av (E,F,M,R)"
367,75 Av ,Q,3752.0,3687.0,3595.0,3692.0,3811.0,3735.0,3763.0,28.0,+0.7%,340.0,11.0,0.2931769722814499,"(E,F) "
368,75 St-Elderts Ln ,Q,3619.0,3758.0,3737.0,3686.0,3714.0,3757.0,3759.0,2.0,+0.1%,341.0,140.0,3.8684719535783367,"(J,Z) "
369,80 St ,Q,4101.0,4303.0,4151.0,4101.0,4181.0,4253.0,4291.0,38.0,+0.9%,317.0,190.0,4.633016337478664,(A) 
370,82 St-Jackson Hts ,Q,16189.0,16666.0,16092.0,15575.0,15811.0,15582.0,15662.0,80.0,+0.5%,93.0,-527.0,-3.2552968064735315,(7) 
371,85 St-Forest Pkwy ,Q,3667.0,3693.0,3592.0,3643.0,3704.0,3776.0,3792.0,16.0,+0.4%,338.0,125.0,3.408781019907281,(J) 
372,88 St ,Q,2601.0,2708.0,2638.0,2648.0,2680.0,2677.0,2719.0,42.0,+1.6%,377.0,118.0,4.536716647443291,(A) 
373,90 St-Elmhurst Av ,Q,16598.0,17303.0,16618.0,16647.0,16679.0,16768.0,16743.0,-25.0,-0.1%,81.0,145.0,0.8735992288227498,(7) 
374,Aqueduct Racetrack ,Q,58.0,60.0,52.0,61.0,116.0,0.0,551.0,551.0,NAN,413.0,493.0,850.0,(A) 
375,Aqueduct-North Conduit Av ,Q,895.0,889.0,830.0,791.0,1386.0,2430.0,1951.0,-479.0,-19.7%,398.0,1056.0,117.98882681564247,(A) 
376,Astoria Blvd ,Q,10498.0,11146.0,10993.0,11173.0,11809.0,12127.0,12210.0,83.0,+0.7%,127.0,1712.0,16.30786816536483,"(N,Q) "
377,Astoria-Ditmars Blvd ,Q,16200.0,16748.0,16027.0,16148.0,16541.0,16777.0,17039.0,262.0,+1.6%,79.0,839.0,5.179012345679012,"(N,Q) "
378,Beach 105 St ,Q,264.0,282.0,191.0,208.0,255.0,253.0,141.0,-112.0,-44.3%,419.0,-123.0,-46.590909090909086,"(A,S) "
379,Beach 25 St ,Q,1763.0,1871.0,1748.0,1329.0,1702.0,1494.0,904.0,-590.0,-39.5%,412.0,-859.0,-48.723766307430516,(A) 
380,Beach 36 St ,Q,875.0,881.0,896.0,1111.0,622.0,718.0,466.0,-252.0,-35.1%,414.0,-409.0,-46.74285714285714,(A) 
381,Beach 44 St ,Q,520.0,604.0,594.0,478.0,748.0,538.0,297.0,-241.0,-44.8%,417.0,-223.0,-42.88461538461538,(A) 
382,Beach 60 St ,Q,2431.0,2478.0,2401.0,2624.0,1798.0,1924.0,1317.0,-607.0,-31.5%,408.0,-1114.0,-45.824763471822294,(A) 
383,Beach 67 St-Arverne By The Sea ,Q,1808.0,1929.0,1912.0,1546.0,2236.0,1859.0,1118.0,-741.0,-39.9%,410.0,-690.0,-38.163716814159294,(A) 
384,Beach 90 St ,Q,1064.0,1114.0,864.0,908.0,1019.0,877.0,463.0,-414.0,-47.2%,415.0,-601.0,-56.484962406015036,"(A,S) "
385,Beach 98 St ,Q,927.0,794.0,782.0,503.0,615.0,572.0,292.0,-280.0,-49.0%,418.0,-635.0,-68.50053937432578,"(A,S) "
386,Briarwood-Van Wyck Blvd ,Q,5853.0,6026.0,5744.0,5688.0,5655.0,5196.0,4664.0,-532.0,-10.2%,305.0,-1189.0,-20.314368699812064,"(E,F) "
387,Broad Channel ,Q,351.0,360.0,325.0,318.0,304.0,267.0,127.0,-140.0,-52.4%,420.0,-224.0,-63.817663817663814,"(A,S) "
388,Broadway ,Q,12783.0,13018.0,12511.0,12644.0,12678.0,13041.0,13280.0,239.0,+1.8%,115.0,497.0,3.8879762184150826,"(N,Q) "
389,Court Sq ,Q,27470.0,29042.0,25140.0,24848.0,21610.0,18631.0,20446.0,1815.0,+9.7%,65.0,-7024.0,-25.569712413542046,"(E,G,M,7)"
390,Elmhurst Av ,Q,13541.0,13885.0,13410.0,13253.0,13426.0,13562.0,13597.0,35.0,+0.3%,112.0,56.0,0.4135588213573591,"(M,R)"
391,Far Rockaway-Mott Av ,Q,4461.0,4655.0,4568.0,4662.0,4750.0,4068.0,2651.0,-1417.0,-34.8%,380.0,-1810.0,-40.57386236269895,(A) 
392,Flushing-Main St ,Q,57426.0,58681.0,57753.0,59093.0,60184.0,60540.0,60190.0,-350.0,-0.6%,13.0,2764.0,4.813150837599694,(7) 
393,Forest Av ,Q,3424.0,3517.0,3502.0,3608.0,3901.0,3971.0,4103.0,132.0,+3.3%,324.0,679.0,19.830607476635514,(M) 
394,Forest Hills-71 Av ,Q,26611.0,27139.0,26190.0,26494.0,27123.0,27537.0,27728.0,191.0,+0.7%,39.0,1117.0,4.197512306940738,"(E,F,M,R)"
395,Fresh Pond Rd ,Q,4609.0,4849.0,4782.0,5001.0,5431.0,5545.0,5333.0,-212.0,-3.8%,278.0,724.0,15.708396615317858,(M) 
396,Grand Av-Newtown ,Q,17326.0,17789.0,17387.0,17466.0,17886.0,18108.0,18298.0,190.0,+1.0%,73.0,972.0,5.61006579706799,"(M,R)"
397,Howard Beach-JFK Airport ,Q,2837.0,2966.0,2801.0,2667.0,2729.0,3227.0,4972.0,1745.0,+54.1%,287.0,2135.0,75.25555163905534,(A) 
398,Hunters Point Av ,Q,6743.0,6655.0,6210.0,6023.0,6113.0,6521.0,6400.0,-121.0,-1.9%,234.0,-343.0,-5.0867566365119385,(7) 
399,Jamaica Center-Parsons-Archer ,Q,37580.0,38966.0,38563.0,39327.0,40423.0,41130.0,41686.0,556.0,+1.4%,20.0,4106.0,10.926024481106971,"(E,J,Z) "
400,Jamaica-179 St ,Q,22793.0,23394.0,22535.0,22766.0,23174.0,23330.0,23280.0,-50.0,-0.2%,57.0,487.0,2.136620892379239,(F) 
401,Jamaica-Van Wyck ,Q,4621.0,4299.0,4279.0,4588.0,4882.0,4930.0,4992.0,62.0,+1.3%,286.0,371.0,8.028565245617832,(E) 
402,Junction Blvd ,Q,20484.0,21038.0,21196.0,21593.0,21240.0,20938.0,20818.0,-120.0,-0.6%,64.0,334.0,1.6305409099785197,(7) 
403,Kew Gardens-Union Turnpike ,Q,26168.0,26996.0,26411.0,26763.0,27280.0,27884.0,28289.0,405.0,+1.5%,36.0,2121.0,8.105319474166922,"(E,F) "
404,Mets-Willets Point ,Q,4932.0,5406.0,4998.0,4648.0,4472.0,4618.0,4675.0,57.0,+1.2%,304.0,-257.0,-5.2108678021086785,(7) 
405,Middle Village-Metropolitan Av ,Q,3389.0,3640.0,3763.0,3815.0,3983.0,4053.0,4092.0,39.0,+1.0%,325.0,703.0,20.74358217763352,(M) 
406,Northern Blvd ,Q,7147.0,7584.0,7263.0,7066.0,7049.0,7201.0,7235.0,34.0,+0.5%,208.0,88.0,1.2312858542045613,"(M,R)"
407,Ozone Park-Lefferts Blvd ,Q,7504.0,7773.0,7434.0,7326.0,7491.0,7460.0,7476.0,16.0,+0.2%,200.0,-28.0,-0.3731343283582089,(A) 
408,Parsons Blvd ,Q,5914.0,6122.0,5920.0,6013.0,6174.0,6329.0,6463.0,134.0,+2.1%,232.0,549.0,9.283057152519445,(F) 
409,Queens Plaza ,Q,8086.0,8558.0,8277.0,8370.0,8869.0,9695.0,9696.0,1.0,+0.0%,162.0,1610.0,19.91095720999258,"(E,M,R)"
410,Queensboro Plaza ,Q,8496.0,8955.0,8682.0,8916.0,9577.0,10752.0,11132.0,380.0,+3.5%,143.0,2636.0,31.02636534839925,"(N,Q,7) "
411,Rockaway Blvd ,Q,7055.0,7422.0,7441.0,7715.0,7786.0,8045.0,8662.0,617.0,+7.7%,181.0,1607.0,22.77817150956768,(A) 
412,Rockaway Park-Beach 116 St ,Q,850.0,843.0,796.0,778.0,845.0,741.0,379.0,-362.0,-48.9%,416.0,-471.0,-55.41176470588235,"(A,S) "
413,Seneca Av ,Q,2081.0,2117.0,2158.0,2235.0,2433.0,2461.0,2428.0,-33.0,-1.3%,386.0,347.0,16.67467563671312,(M) 
414,Steinway St ,Q,13711.0,14214.0,13901.0,14028.0,15036.0,15061.0,14769.0,-292.0,-1.9%,102.0,1058.0,7.716432061848151,"(M,R)"
415,Sutphin Blvd ,Q,4337.0,4464.0,4404.0,4605.0,4693.0,4760.0,4932.0,172.0,+3.6%,291.0,595.0,13.719160710168318,(F) 
416,Sutphin Blvd-Archer Av-JFK Airport ,Q,19036.0,20138.0,20144.0,20706.0,21630.0,22285.0,23012.0,727.0,+3.3%,59.0,3976.0,20.886740911956295,"(E,J,Z) "
417,Vernon Blvd-Jackson Av ,Q,8019.0,9541.0,9607.0,10028.0,10450.0,11541.0,12610.0,1069.0,+9.3%,121.0,4591.0,57.25152762189799,(7) 
418,Woodhaven Blvd ,Q,3907.0,4173.0,4176.0,4260.0,4433.0,4464.0,4576.0,112.0,+2.5%,308.0,669.0,17.123112362426415,"(J,Z) "
419,Woodhaven Blvd ,Q,22990.0,23826.0,23035.0,22673.0,22502.0,22521.0,22276.0,-245.0,-1.1%,62.0,-714.0,-3.1056981296215747,"(M,R)"
420,Woodside-61 St ,Q,16070.0,16746.0,16541.0,16680.0,16734.0,16698.0,16559.0,-139.0,-0.8%,86.0,489.0,3.042937149968886,(7) 
